[
{
    "model": "auth.group",
    "pk": 1,
    "fields": {
        "name": "Administrador",
        "permissions": [
            45,
            46,
            47,
            48,
            65,
            66,
            67,
            68,
            37,
            38,
            39,
            40,
            41,
            42,
            43,
            44,
            21,
            22,
            23,
            24,
            53,
            54,
            55,
            56,
            57,
            58,
            59,
            60,
            61,
            62,
            63,
            64
        ]
    }
},
{
    "model": "auth.group",
    "pk": 2,
    "fields": {
        "name": "Gestor",
        "permissions": [
            45,
            46,
            47,
            48,
            41,
            42,
            43,
            44,
            21,
            22,
            23,
            24
        ]
    }
},
{
    "model": "auth.group",
    "pk": 3,
    "fields": {
        "name": "Huesped",
        "permissions": [
            65,
            68,
            61,
            64
        ]
    }
},
{
    "model": "hotel.usuario",
    "pk": 1,
    "fields": {
        "password": "pbkdf2_sha256$870000$43Mqpebxdt1X5pVofpToYV$XcR1zHd5gy1VL/yO8MvAp9bs5i4VzUHyEdTu1wZvXe0=",
        "last_login": null,
        "is_superuser": true,
        "username": "admin",
        "first_name": "",
        "last_name": "",
        "email": "admin@hotel.com",
        "is_staff": true,
        "is_active": true,
        "date_joined": "2025-12-10T19:10:37.576",
        "rol": 1,
        "groups": [
            1
        ],
        "user_permissions": []
    }
},
{
    "model": "hotel.usuario",
    "pk": 2,
    "fields": {
        "password": "pbkdf2_sha256$870000$F44UdzCbYU5oYCKew2ztgX$DxQ+W8iZNuUTeqWUBBKMEP4y5Jm/d/CZPyLf5bwczog=",
        "last_login": null,
        "is_superuser": false,
        "username": "gestor1",
        "first_name": "",
        "last_name": "",
        "email": "gestor1@hotel.com",
        "is_staff": false,
        "is_active": true,
        "date_joined": "2025-12-10T19:10:37.850",
        "rol": 3,
        "groups": [
            2
        ],
        "user_permissions": []
    }
},
{
    "model": "hotel.usuario",
    "pk": 3,
    "fields": {
        "password": "pbkdf2_sha256$870000$ZR8f2U8EfqQRTaJvukfMZw$CX9zaEODLQvijphqeLMijopCBVuiDI82b1QoqCnq6ao=",
        "last_login": null,
        "is_superuser": false,
        "username": "huesped1",
        "first_name": "",
        "last_name": "",
        "email": "huesped1@hotel.com",
        "is_staff": false,
        "is_active": true,
        "date_joined": "2025-12-10T19:10:38.096",
        "rol": 2,
        "groups": [
            3
        ],
        "user_permissions": []
    }
},
{
    "model": "hotel.usuario",
    "pk": 4,
    "fields": {
        "password": "pbkdf2_sha256$870000$rgf0VuLWwWiVAsl7PSOmg6$FAX68V2578jbRlUOKk+oqbQA53+ryvy32/+IdCo7Lzs=",
        "last_login": null,
        "is_superuser": false,
        "username": "nuriabautista",
        "first_name": "",
        "last_name": "",
        "email": "juliandelgado@example.com",
        "is_staff": false,
        "is_active": true,
        "date_joined": "2025-12-10T19:10:38.347",
        "rol": 2,
        "groups": [
            3
        ],
        "user_permissions": []
    }
},
{
    "model": "hotel.usuario",
    "pk": 5,
    "fields": {
        "password": "pbkdf2_sha256$870000$I91wlWIPKPHzcu4uVN5Bnl$wXxdYr0IZ4BowTlFPtGdPmFqd9KOZIi1kc5qtCH0LsQ=",
        "last_login": null,
        "is_superuser": false,
        "username": "vinicio45",
        "first_name": "",
        "last_name": "",
        "email": "rufinobarcelo@example.org",
        "is_staff": false,
        "is_active": true,
        "date_joined": "2025-12-10T19:10:38.580",
        "rol": 2,
        "groups": [
            3
        ],
        "user_permissions": []
    }
},
{
    "model": "hotel.usuario",
    "pk": 6,
    "fields": {
        "password": "pbkdf2_sha256$870000$FOV3iQgGPjfXsrUVMgPcyZ$CHad9szEHIYdv5BVbDRH18oGFVYvKHX9JpSVMYpOYdI=",
        "last_login": null,
        "is_superuser": false,
        "username": "susanitaalegre",
        "first_name": "",
        "last_name": "",
        "email": "rolandoboada@example.net",
        "is_staff": false,
        "is_active": true,
        "date_joined": "2025-12-10T19:10:38.806",
        "rol": 2,
        "groups": [
            3
        ],
        "user_permissions": []
    }
},
{
    "model": "hotel.usuario",
    "pk": 7,
    "fields": {
        "password": "pbkdf2_sha256$870000$Ol3GHdf4vUWRXHA9pyYSdz$uGsd61cRdXZ93Kp4usbzHzA+MEoXL+a1cdOod9njDP0=",
        "last_login": null,
        "is_superuser": false,
        "username": "lunasonia",
        "first_name": "",
        "last_name": "",
        "email": "qsalcedo@example.org",
        "is_staff": false,
        "is_active": true,
        "date_joined": "2025-12-10T19:10:39.043",
        "rol": 2,
        "groups": [
            3
        ],
        "user_permissions": []
    }
},
{
    "model": "hotel.usuario",
    "pk": 8,
    "fields": {
        "password": "pbkdf2_sha256$870000$jKWpkTeMFcrc6cTvPJMTaD$zbnCBD9DVqbO5igGQdBxK4yQf6Ap68VZRcXaId1NePA=",
        "last_login": null,
        "is_superuser": false,
        "username": "marcela98",
        "first_name": "",
        "last_name": "",
        "email": "barrancoloreto@example.net",
        "is_staff": false,
        "is_active": true,
        "date_joined": "2025-12-10T19:10:39.271",
        "rol": 2,
        "groups": [
            3
        ],
        "user_permissions": []
    }
},
{
    "model": "hotel.usuario",
    "pk": 9,
    "fields": {
        "password": "pbkdf2_sha256$870000$9AGXLXu2azw6Cogml4WZX2$dJpzwnhs712E5wENRcBhuHNOWMJ45uIIfnej3AKcqHw=",
        "last_login": null,
        "is_superuser": false,
        "username": "avallejo",
        "first_name": "",
        "last_name": "",
        "email": "sergio65@example.net",
        "is_staff": false,
        "is_active": true,
        "date_joined": "2025-12-10T19:10:39.500",
        "rol": 2,
        "groups": [
            3
        ],
        "user_permissions": []
    }
},
{
    "model": "hotel.usuario",
    "pk": 10,
    "fields": {
        "password": "pbkdf2_sha256$870000$YmLUr66q7X4MGQMtmCc0RL$h3JQ0OcojhiRcZhYwlCottwEyBbK5JCDcXPAo1/xbJc=",
        "last_login": null,
        "is_superuser": false,
        "username": "alepuig",
        "first_name": "",
        "last_name": "",
        "email": "casemiropuente@example.com",
        "is_staff": false,
        "is_active": true,
        "date_joined": "2025-12-10T19:10:39.724",
        "rol": 2,
        "groups": [
            3
        ],
        "user_permissions": []
    }
},
{
    "model": "hotel.usuario",
    "pk": 11,
    "fields": {
        "password": "pbkdf2_sha256$870000$VaFdfxUUIg9uXBlsh378cJ$7KJn7JBBi6B7bEpaX+ysoqDKw4gPlvP/OfSioM/Cfnw=",
        "last_login": null,
        "is_superuser": false,
        "username": "gmilla",
        "first_name": "",
        "last_name": "",
        "email": "maricela78@example.org",
        "is_staff": false,
        "is_active": true,
        "date_joined": "2025-12-10T19:10:39.950",
        "rol": 2,
        "groups": [
            3
        ],
        "user_permissions": []
    }
},
{
    "model": "hotel.usuario",
    "pk": 12,
    "fields": {
        "password": "pbkdf2_sha256$870000$kTmbVNg2j4MpNdiKkLosen$T4vCT4iiey1Mq4jAVg+j40kTu8UDBMNYBn0gKvYm89s=",
        "last_login": null,
        "is_superuser": false,
        "username": "sbatalla",
        "first_name": "",
        "last_name": "",
        "email": "montesbuenaventura@example.org",
        "is_staff": false,
        "is_active": true,
        "date_joined": "2025-12-10T19:10:40.194",
        "rol": 2,
        "groups": [
            3
        ],
        "user_permissions": []
    }
},
{
    "model": "hotel.usuario",
    "pk": 13,
    "fields": {
        "password": "pbkdf2_sha256$870000$g1uYOk09ogBpLW9DvynViW$s0hN/BAdU5dRUmPhyIgcUrzQq9GZ/zHdV9TXUhREPn0=",
        "last_login": null,
        "is_superuser": false,
        "username": "yagollamas",
        "first_name": "",
        "last_name": "",
        "email": "bortega@example.org",
        "is_staff": false,
        "is_active": true,
        "date_joined": "2025-12-10T19:10:40.418",
        "rol": 2,
        "groups": [
            3
        ],
        "user_permissions": []
    }
},
{
    "model": "hotel.gestor",
    "pk": 1,
    "fields": {
        "fecha_contratacion": "2025-12-10",
        "especialidad": "Dirección Hotelera",
        "usuario": 2
    }
},
{
    "model": "hotel.hotel",
    "pk": 1,
    "fields": {
        "nombre": "Enríquez y asociados S.Com. Hotel",
        "descripcion": "Corte tanto opinión gracias explicó usted administración. Presente mismo están general hacerlo. Sueño hora bajo defensa española oficial ha cara.",
        "direccion": "C. Melisa Ariño 1\nToledo, 13645",
        "fecha_fundacion": "2024-08-12",
        "calificacion": "3.95",
        "num_habitaciones": 49,
        "tiene_restaurante": false,
        "correo_contacto": "ihidalgo@example.net",
        "sitio_web": null,
        "hora_apertura": "08:00:00",
        "servicios": [
            4,
            5,
            6
        ]
    }
},
{
    "model": "hotel.hotel",
    "pk": 2,
    "fields": {
        "nombre": "Tecnologías Hoz S.Com. Hotel",
        "descripcion": "Nuevas próximo uno ministro iba realidad. Su capacidad llevar familia habrá. América diversas pp oficial juicio causa quienes. Consejo vamos claro obra algunos.\nMuerto sí superior consejo.",
        "direccion": "Pasaje Febe Manzano 42 Piso 0 \nSegovia, 28800",
        "fecha_fundacion": "2003-04-08",
        "calificacion": "4.14",
        "num_habitaciones": 14,
        "tiene_restaurante": false,
        "correo_contacto": "mnino@example.com",
        "sitio_web": null,
        "hora_apertura": "08:00:00",
        "servicios": [
            2,
            3,
            4,
            5
        ]
    }
},
{
    "model": "hotel.hotel",
    "pk": 3,
    "fields": {
        "nombre": "Inversiones Céspedes S.L. Hotel",
        "descripcion": "Problemas aquellas semana universidad después actual. Temas último vio nuevo había. Horas felipe donde vía experiencia presidente entrar.",
        "direccion": "C. Lola Fuster 6 Puerta 6 \nOurense, 07753",
        "fecha_fundacion": "1986-08-19",
        "calificacion": "4.33",
        "num_habitaciones": 38,
        "tiene_restaurante": false,
        "correo_contacto": "canteromarcial@example.com",
        "sitio_web": null,
        "hora_apertura": "08:00:00",
        "servicios": [
            1,
            2,
            5,
            6
        ]
    }
},
{
    "model": "hotel.hotel",
    "pk": 4,
    "fields": {
        "nombre": "Ligia Almagro Herrera S.A. Hotel",
        "descripcion": "Mayo santa salida hubiera trabajadores señaló. Seguro mayoría trabajadores.",
        "direccion": "C. de Isaías Acuña 1\nSegovia, 30952",
        "fecha_fundacion": "2018-08-23",
        "calificacion": "3.39",
        "num_habitaciones": 18,
        "tiene_restaurante": false,
        "correo_contacto": "anabel39@example.com",
        "sitio_web": null,
        "hora_apertura": "08:00:00",
        "servicios": [
            1,
            4,
            5
        ]
    }
},
{
    "model": "hotel.hotel",
    "pk": 5,
    "fields": {
        "nombre": "Logística Solsona & Asociados S.L. Hotel",
        "descripcion": "Noche calle tenían. Corte objeto derecha estuvo dónde medidas. Sol don paso organización elecciones resultado. París artículo desde parte conocer.",
        "direccion": "Acceso Silvio Almansa 24 Puerta 3 \nHuelva, 41558",
        "fecha_fundacion": "1997-05-05",
        "calificacion": "4.64",
        "num_habitaciones": 41,
        "tiene_restaurante": true,
        "correo_contacto": "farresandra@example.net",
        "sitio_web": null,
        "hora_apertura": "08:00:00",
        "servicios": [
            3,
            4,
            5
        ]
    }
},
{
    "model": "hotel.contactohotel",
    "pk": 1,
    "fields": {
        "nombre_contacto": "Florentino Abella Gonzalo",
        "telefono": "+34 978 12 20 8",
        "correo": "fabianporcel@example.com",
        "sitio_web": null,
        "hotel": 1
    }
},
{
    "model": "hotel.contactohotel",
    "pk": 2,
    "fields": {
        "nombre_contacto": "Elisa Marquez-Bastida",
        "telefono": "+34985 024 443",
        "correo": "wmartinez@example.org",
        "sitio_web": null,
        "hotel": 2
    }
},
{
    "model": "hotel.contactohotel",
    "pk": 3,
    "fields": {
        "nombre_contacto": "Xavier Blasco Lago",
        "telefono": "+34 868 63 71 4",
        "correo": "encarnacionpalmer@example.net",
        "sitio_web": null,
        "hotel": 3
    }
},
{
    "model": "hotel.contactohotel",
    "pk": 4,
    "fields": {
        "nombre_contacto": "Eleuterio Muñoz Barreda",
        "telefono": "+34 888837674",
        "correo": "gracianagutierrez@example.org",
        "sitio_web": null,
        "hotel": 4
    }
},
{
    "model": "hotel.contactohotel",
    "pk": 5,
    "fields": {
        "nombre_contacto": "Teodora Hierro-Quevedo",
        "telefono": "+34848 120 305",
        "correo": "ignaciahernandez@example.org",
        "sitio_web": null,
        "hotel": 5
    }
},
{
    "model": "hotel.tipohabitacion",
    "pk": 1,
    "fields": {
        "nombre": "Individual",
        "descripcion": "Habitación Individual",
        "capacidad": 1,
        "precio_base": "64.00"
    }
},
{
    "model": "hotel.tipohabitacion",
    "pk": 2,
    "fields": {
        "nombre": "Doble",
        "descripcion": "Habitación Doble",
        "capacidad": 2,
        "precio_base": "102.00"
    }
},
{
    "model": "hotel.tipohabitacion",
    "pk": 3,
    "fields": {
        "nombre": "Suite",
        "descripcion": "Habitación Suite",
        "capacidad": 4,
        "precio_base": "97.00"
    }
},
{
    "model": "hotel.habitacion",
    "pk": 1,
    "fields": {
        "numero": "301",
        "piso": 3,
        "tipo": 1,
        "hotel": 1,
        "disponible": true,
        "servicios": []
    }
},
{
    "model": "hotel.habitacion",
    "pk": 2,
    "fields": {
        "numero": "302",
        "piso": 2,
        "tipo": 3,
        "hotel": 1,
        "disponible": true,
        "servicios": []
    }
},
{
    "model": "hotel.habitacion",
    "pk": 3,
    "fields": {
        "numero": "403",
        "piso": 4,
        "tipo": 1,
        "hotel": 1,
        "disponible": true,
        "servicios": []
    }
},
{
    "model": "hotel.habitacion",
    "pk": 4,
    "fields": {
        "numero": "104",
        "piso": 2,
        "tipo": 1,
        "hotel": 1,
        "disponible": true,
        "servicios": []
    }
},
{
    "model": "hotel.habitacion",
    "pk": 5,
    "fields": {
        "numero": "505",
        "piso": 2,
        "tipo": 2,
        "hotel": 1,
        "disponible": true,
        "servicios": []
    }
},
{
    "model": "hotel.habitacion",
    "pk": 6,
    "fields": {
        "numero": "106",
        "piso": 2,
        "tipo": 2,
        "hotel": 1,
        "disponible": true,
        "servicios": []
    }
},
{
    "model": "hotel.habitacion",
    "pk": 7,
    "fields": {
        "numero": "207",
        "piso": 1,
        "tipo": 3,
        "hotel": 1,
        "disponible": true,
        "servicios": []
    }
},
{
    "model": "hotel.habitacion",
    "pk": 8,
    "fields": {
        "numero": "208",
        "piso": 1,
        "tipo": 3,
        "hotel": 1,
        "disponible": true,
        "servicios": []
    }
},
{
    "model": "hotel.habitacion",
    "pk": 9,
    "fields": {
        "numero": "109",
        "piso": 5,
        "tipo": 1,
        "hotel": 1,
        "disponible": true,
        "servicios": []
    }
},
{
    "model": "hotel.habitacion",
    "pk": 10,
    "fields": {
        "numero": "5010",
        "piso": 2,
        "tipo": 1,
        "hotel": 1,
        "disponible": true,
        "servicios": []
    }
},
{
    "model": "hotel.habitacion",
    "pk": 11,
    "fields": {
        "numero": "101",
        "piso": 5,
        "tipo": 3,
        "hotel": 2,
        "disponible": true,
        "servicios": []
    }
},
{
    "model": "hotel.habitacion",
    "pk": 12,
    "fields": {
        "numero": "302",
        "piso": 2,
        "tipo": 3,
        "hotel": 2,
        "disponible": true,
        "servicios": []
    }
},
{
    "model": "hotel.habitacion",
    "pk": 13,
    "fields": {
        "numero": "503",
        "piso": 1,
        "tipo": 3,
        "hotel": 2,
        "disponible": true,
        "servicios": []
    }
},
{
    "model": "hotel.habitacion",
    "pk": 14,
    "fields": {
        "numero": "504",
        "piso": 4,
        "tipo": 2,
        "hotel": 2,
        "disponible": true,
        "servicios": []
    }
},
{
    "model": "hotel.habitacion",
    "pk": 15,
    "fields": {
        "numero": "105",
        "piso": 4,
        "tipo": 2,
        "hotel": 2,
        "disponible": true,
        "servicios": []
    }
},
{
    "model": "hotel.habitacion",
    "pk": 16,
    "fields": {
        "numero": "106",
        "piso": 1,
        "tipo": 3,
        "hotel": 2,
        "disponible": true,
        "servicios": []
    }
},
{
    "model": "hotel.habitacion",
    "pk": 17,
    "fields": {
        "numero": "207",
        "piso": 2,
        "tipo": 3,
        "hotel": 2,
        "disponible": true,
        "servicios": []
    }
},
{
    "model": "hotel.habitacion",
    "pk": 18,
    "fields": {
        "numero": "308",
        "piso": 1,
        "tipo": 1,
        "hotel": 2,
        "disponible": true,
        "servicios": []
    }
},
{
    "model": "hotel.habitacion",
    "pk": 19,
    "fields": {
        "numero": "109",
        "piso": 2,
        "tipo": 3,
        "hotel": 2,
        "disponible": true,
        "servicios": []
    }
},
{
    "model": "hotel.habitacion",
    "pk": 20,
    "fields": {
        "numero": "1010",
        "piso": 4,
        "tipo": 2,
        "hotel": 2,
        "disponible": true,
        "servicios": []
    }
},
{
    "model": "hotel.habitacion",
    "pk": 21,
    "fields": {
        "numero": "101",
        "piso": 3,
        "tipo": 3,
        "hotel": 3,
        "disponible": true,
        "servicios": []
    }
},
{
    "model": "hotel.habitacion",
    "pk": 22,
    "fields": {
        "numero": "202",
        "piso": 3,
        "tipo": 3,
        "hotel": 3,
        "disponible": true,
        "servicios": []
    }
},
{
    "model": "hotel.habitacion",
    "pk": 23,
    "fields": {
        "numero": "303",
        "piso": 3,
        "tipo": 3,
        "hotel": 3,
        "disponible": true,
        "servicios": []
    }
},
{
    "model": "hotel.habitacion",
    "pk": 24,
    "fields": {
        "numero": "304",
        "piso": 1,
        "tipo": 2,
        "hotel": 3,
        "disponible": true,
        "servicios": []
    }
},
{
    "model": "hotel.habitacion",
    "pk": 25,
    "fields": {
        "numero": "105",
        "piso": 1,
        "tipo": 1,
        "hotel": 3,
        "disponible": true,
        "servicios": []
    }
},
{
    "model": "hotel.habitacion",
    "pk": 26,
    "fields": {
        "numero": "406",
        "piso": 1,
        "tipo": 2,
        "hotel": 3,
        "disponible": true,
        "servicios": []
    }
},
{
    "model": "hotel.habitacion",
    "pk": 27,
    "fields": {
        "numero": "207",
        "piso": 3,
        "tipo": 2,
        "hotel": 3,
        "disponible": true,
        "servicios": []
    }
},
{
    "model": "hotel.habitacion",
    "pk": 28,
    "fields": {
        "numero": "408",
        "piso": 3,
        "tipo": 2,
        "hotel": 3,
        "disponible": true,
        "servicios": []
    }
},
{
    "model": "hotel.habitacion",
    "pk": 29,
    "fields": {
        "numero": "509",
        "piso": 5,
        "tipo": 2,
        "hotel": 3,
        "disponible": true,
        "servicios": []
    }
},
{
    "model": "hotel.habitacion",
    "pk": 30,
    "fields": {
        "numero": "5010",
        "piso": 5,
        "tipo": 1,
        "hotel": 3,
        "disponible": true,
        "servicios": []
    }
},
{
    "model": "hotel.habitacion",
    "pk": 31,
    "fields": {
        "numero": "401",
        "piso": 5,
        "tipo": 3,
        "hotel": 4,
        "disponible": true,
        "servicios": []
    }
},
{
    "model": "hotel.habitacion",
    "pk": 32,
    "fields": {
        "numero": "302",
        "piso": 5,
        "tipo": 2,
        "hotel": 4,
        "disponible": true,
        "servicios": []
    }
},
{
    "model": "hotel.habitacion",
    "pk": 33,
    "fields": {
        "numero": "303",
        "piso": 3,
        "tipo": 2,
        "hotel": 4,
        "disponible": true,
        "servicios": []
    }
},
{
    "model": "hotel.habitacion",
    "pk": 34,
    "fields": {
        "numero": "504",
        "piso": 2,
        "tipo": 3,
        "hotel": 4,
        "disponible": true,
        "servicios": []
    }
},
{
    "model": "hotel.habitacion",
    "pk": 35,
    "fields": {
        "numero": "405",
        "piso": 3,
        "tipo": 2,
        "hotel": 4,
        "disponible": true,
        "servicios": []
    }
},
{
    "model": "hotel.habitacion",
    "pk": 36,
    "fields": {
        "numero": "206",
        "piso": 4,
        "tipo": 2,
        "hotel": 4,
        "disponible": true,
        "servicios": []
    }
},
{
    "model": "hotel.habitacion",
    "pk": 37,
    "fields": {
        "numero": "307",
        "piso": 5,
        "tipo": 1,
        "hotel": 4,
        "disponible": true,
        "servicios": []
    }
},
{
    "model": "hotel.habitacion",
    "pk": 38,
    "fields": {
        "numero": "208",
        "piso": 5,
        "tipo": 1,
        "hotel": 4,
        "disponible": true,
        "servicios": []
    }
},
{
    "model": "hotel.habitacion",
    "pk": 39,
    "fields": {
        "numero": "209",
        "piso": 5,
        "tipo": 3,
        "hotel": 4,
        "disponible": true,
        "servicios": []
    }
},
{
    "model": "hotel.habitacion",
    "pk": 40,
    "fields": {
        "numero": "2010",
        "piso": 5,
        "tipo": 3,
        "hotel": 4,
        "disponible": true,
        "servicios": []
    }
},
{
    "model": "hotel.habitacion",
    "pk": 41,
    "fields": {
        "numero": "101",
        "piso": 1,
        "tipo": 1,
        "hotel": 5,
        "disponible": true,
        "servicios": []
    }
},
{
    "model": "hotel.habitacion",
    "pk": 42,
    "fields": {
        "numero": "102",
        "piso": 3,
        "tipo": 1,
        "hotel": 5,
        "disponible": true,
        "servicios": []
    }
},
{
    "model": "hotel.habitacion",
    "pk": 43,
    "fields": {
        "numero": "203",
        "piso": 2,
        "tipo": 1,
        "hotel": 5,
        "disponible": true,
        "servicios": []
    }
},
{
    "model": "hotel.habitacion",
    "pk": 44,
    "fields": {
        "numero": "504",
        "piso": 4,
        "tipo": 2,
        "hotel": 5,
        "disponible": true,
        "servicios": []
    }
},
{
    "model": "hotel.habitacion",
    "pk": 45,
    "fields": {
        "numero": "205",
        "piso": 3,
        "tipo": 3,
        "hotel": 5,
        "disponible": true,
        "servicios": []
    }
},
{
    "model": "hotel.habitacion",
    "pk": 46,
    "fields": {
        "numero": "306",
        "piso": 2,
        "tipo": 1,
        "hotel": 5,
        "disponible": true,
        "servicios": []
    }
},
{
    "model": "hotel.habitacion",
    "pk": 47,
    "fields": {
        "numero": "207",
        "piso": 2,
        "tipo": 3,
        "hotel": 5,
        "disponible": true,
        "servicios": []
    }
},
{
    "model": "hotel.habitacion",
    "pk": 48,
    "fields": {
        "numero": "308",
        "piso": 1,
        "tipo": 3,
        "hotel": 5,
        "disponible": true,
        "servicios": []
    }
},
{
    "model": "hotel.habitacion",
    "pk": 49,
    "fields": {
        "numero": "409",
        "piso": 5,
        "tipo": 2,
        "hotel": 5,
        "disponible": true,
        "servicios": []
    }
},
{
    "model": "hotel.habitacion",
    "pk": 50,
    "fields": {
        "numero": "3010",
        "piso": 2,
        "tipo": 3,
        "hotel": 5,
        "disponible": true,
        "servicios": []
    }
},
{
    "model": "hotel.huesped",
    "pk": 1,
    "fields": {
        "nombre": "Juan",
        "apellido": "Pérez",
        "correo": "huesped1@hotel.com",
        "telefono": "600123456",
        "fecha_nacimiento": null,
        "usuario": 3
    }
},
{
    "model": "hotel.huesped",
    "pk": 2,
    "fields": {
        "nombre": "Dora",
        "apellido": "Tormo",
        "correo": "juliandelgado@example.com",
        "telefono": "+34 948 83 49 9",
        "fecha_nacimiento": null,
        "usuario": 4
    }
},
{
    "model": "hotel.huesped",
    "pk": 3,
    "fields": {
        "nombre": "Luciano",
        "apellido": "Cuesta",
        "correo": "rufinobarcelo@example.org",
        "telefono": "+34885 958 224",
        "fecha_nacimiento": null,
        "usuario": 5
    }
},
{
    "model": "hotel.huesped",
    "pk": 4,
    "fields": {
        "nombre": "Chus",
        "apellido": "Oliva",
        "correo": "rolandoboada@example.net",
        "telefono": "+34924 495 538",
        "fecha_nacimiento": null,
        "usuario": 6
    }
},
{
    "model": "hotel.huesped",
    "pk": 5,
    "fields": {
        "nombre": "Narcisa",
        "apellido": "Blázquez",
        "correo": "qsalcedo@example.org",
        "telefono": "+34 925 84 82 5",
        "fecha_nacimiento": null,
        "usuario": 7
    }
},
{
    "model": "hotel.huesped",
    "pk": 6,
    "fields": {
        "nombre": "Leandro",
        "apellido": "Cadenas",
        "correo": "barrancoloreto@example.net",
        "telefono": "+34879798950",
        "fecha_nacimiento": null,
        "usuario": 8
    }
},
{
    "model": "hotel.huesped",
    "pk": 7,
    "fields": {
        "nombre": "Mateo",
        "apellido": "Ríos",
        "correo": "sergio65@example.net",
        "telefono": "+34 882171979",
        "fecha_nacimiento": null,
        "usuario": 9
    }
},
{
    "model": "hotel.huesped",
    "pk": 8,
    "fields": {
        "nombre": "Nydia",
        "apellido": "Ugarte",
        "correo": "casemiropuente@example.com",
        "telefono": "+34847 496 018",
        "fecha_nacimiento": null,
        "usuario": 10
    }
},
{
    "model": "hotel.huesped",
    "pk": 9,
    "fields": {
        "nombre": "Casandra",
        "apellido": "Coll",
        "correo": "maricela78@example.org",
        "telefono": "+34 822207608",
        "fecha_nacimiento": null,
        "usuario": 11
    }
},
{
    "model": "hotel.huesped",
    "pk": 10,
    "fields": {
        "nombre": "Anunciación",
        "apellido": "Valls",
        "correo": "montesbuenaventura@example.org",
        "telefono": "+34 976 90 72 5",
        "fecha_nacimiento": null,
        "usuario": 12
    }
},
{
    "model": "hotel.huesped",
    "pk": 11,
    "fields": {
        "nombre": "Augusto",
        "apellido": "Pereira",
        "correo": "bortega@example.org",
        "telefono": "+34 825 15 83 8",
        "fecha_nacimiento": null,
        "usuario": 13
    }
},
{
    "model": "hotel.perfilhuesped",
    "pk": 1,
    "fields": {
        "huesped": 1,
        "nacionalidad": "Española",
        "numero_pasaporte": null,
        "puntos_fidelidad": 100,
        "preferencias": ""
    }
},
{
    "model": "hotel.perfilhuesped",
    "pk": 2,
    "fields": {
        "huesped": 2,
        "nacionalidad": "Angola",
        "numero_pasaporte": "Bo2518883",
        "puntos_fidelidad": 18,
        "preferencias": ""
    }
},
{
    "model": "hotel.perfilhuesped",
    "pk": 3,
    "fields": {
        "huesped": 3,
        "nacionalidad": "Zimbabwe",
        "numero_pasaporte": "Xh3521423",
        "puntos_fidelidad": 100,
        "preferencias": ""
    }
},
{
    "model": "hotel.perfilhuesped",
    "pk": 4,
    "fields": {
        "huesped": 4,
        "nacionalidad": "República de Macedonia del Norte",
        "numero_pasaporte": "mO0375588",
        "puntos_fidelidad": 109,
        "preferencias": ""
    }
},
{
    "model": "hotel.perfilhuesped",
    "pk": 5,
    "fields": {
        "huesped": 5,
        "nacionalidad": "Marruecos",
        "numero_pasaporte": "Ez2201148",
        "puntos_fidelidad": 244,
        "preferencias": ""
    }
},
{
    "model": "hotel.perfilhuesped",
    "pk": 6,
    "fields": {
        "huesped": 6,
        "nacionalidad": "Croacia",
        "numero_pasaporte": "wQ7932763",
        "puntos_fidelidad": 354,
        "preferencias": ""
    }
},
{
    "model": "hotel.perfilhuesped",
    "pk": 7,
    "fields": {
        "huesped": 7,
        "nacionalidad": "Montenegro",
        "numero_pasaporte": "ka4002583",
        "puntos_fidelidad": 365,
        "preferencias": ""
    }
},
{
    "model": "hotel.perfilhuesped",
    "pk": 8,
    "fields": {
        "huesped": 8,
        "nacionalidad": "Egipto",
        "numero_pasaporte": "dG3417448",
        "puntos_fidelidad": 358,
        "preferencias": ""
    }
},
{
    "model": "hotel.perfilhuesped",
    "pk": 9,
    "fields": {
        "huesped": 9,
        "nacionalidad": "Comoras",
        "numero_pasaporte": "ek3263812",
        "puntos_fidelidad": 66,
        "preferencias": ""
    }
},
{
    "model": "hotel.perfilhuesped",
    "pk": 10,
    "fields": {
        "huesped": 10,
        "nacionalidad": "Ecuador",
        "numero_pasaporte": "wc1401522",
        "puntos_fidelidad": 303,
        "preferencias": ""
    }
},
{
    "model": "hotel.perfilhuesped",
    "pk": 11,
    "fields": {
        "huesped": 11,
        "nacionalidad": "Côte d'Ivoire",
        "numero_pasaporte": "FZ0852604",
        "puntos_fidelidad": 456,
        "preferencias": ""
    }
},
{
    "model": "hotel.servicio",
    "pk": 1,
    "fields": {
        "nombre": "Wifi",
        "descripcion": "Servicio de Wifi",
        "precio": "12.00",
        "es_opcional": false,
        "duracion_minutos": null
    }
},
{
    "model": "hotel.servicio",
    "pk": 2,
    "fields": {
        "nombre": "Piscina",
        "descripcion": "Servicio de Piscina",
        "precio": "34.00",
        "es_opcional": true,
        "duracion_minutos": null
    }
},
{
    "model": "hotel.servicio",
    "pk": 3,
    "fields": {
        "nombre": "Gimnasio",
        "descripcion": "Servicio de Gimnasio",
        "precio": "18.00",
        "es_opcional": false,
        "duracion_minutos": null
    }
},
{
    "model": "hotel.servicio",
    "pk": 4,
    "fields": {
        "nombre": "Desayuno",
        "descripcion": "Servicio de Desayuno",
        "precio": "21.00",
        "es_opcional": true,
        "duracion_minutos": null
    }
},
{
    "model": "hotel.servicio",
    "pk": 5,
    "fields": {
        "nombre": "Parking",
        "descripcion": "Servicio de Parking",
        "precio": "34.00",
        "es_opcional": true,
        "duracion_minutos": null
    }
},
{
    "model": "hotel.servicio",
    "pk": 6,
    "fields": {
        "nombre": "Spa",
        "descripcion": "Servicio de Spa",
        "precio": "43.00",
        "es_opcional": true,
        "duracion_minutos": null
    }
},
{
    "model": "hotel.reserva",
    "pk": 1,
    "fields": {
        "huesped": 2,
        "habitacion": 41,
        "fecha_entrada": "2025-09-16",
        "fecha_salida": "2025-09-18",
        "estado": "F",
        "creada_en": "2025-12-10T19:10:40.643"
    }
},
{
    "model": "hotel.reserva",
    "pk": 2,
    "fields": {
        "huesped": 3,
        "habitacion": 41,
        "fecha_entrada": "2025-05-30",
        "fecha_salida": "2025-05-31",
        "estado": "F",
        "creada_en": "2025-12-10T19:10:40.644"
    }
},
{
    "model": "hotel.reserva",
    "pk": 3,
    "fields": {
        "huesped": 3,
        "habitacion": 31,
        "fecha_entrada": "2025-03-29",
        "fecha_salida": "2025-04-05",
        "estado": "F",
        "creada_en": "2025-12-10T19:10:40.645"
    }
},
{
    "model": "hotel.reserva",
    "pk": 4,
    "fields": {
        "huesped": 4,
        "habitacion": 1,
        "fecha_entrada": "2025-01-15",
        "fecha_salida": "2025-01-21",
        "estado": "P",
        "creada_en": "2025-12-10T19:10:40.645"
    }
},
{
    "model": "hotel.reserva",
    "pk": 5,
    "fields": {
        "huesped": 5,
        "habitacion": 11,
        "fecha_entrada": "2024-12-09",
        "fecha_salida": "2024-12-12",
        "estado": "C",
        "creada_en": "2025-12-10T19:10:40.646"
    }
},
{
    "model": "hotel.reserva",
    "pk": 6,
    "fields": {
        "huesped": 6,
        "habitacion": 31,
        "fecha_entrada": "2026-07-12",
        "fecha_salida": "2026-07-17",
        "estado": "P",
        "creada_en": "2025-12-10T19:10:40.647"
    }
},
{
    "model": "hotel.reserva",
    "pk": 7,
    "fields": {
        "huesped": 6,
        "habitacion": 31,
        "fecha_entrada": "2026-03-15",
        "fecha_salida": "2026-03-18",
        "estado": "C",
        "creada_en": "2025-12-10T19:10:40.647"
    }
},
{
    "model": "hotel.reserva",
    "pk": 8,
    "fields": {
        "huesped": 7,
        "habitacion": 31,
        "fecha_entrada": "2026-06-03",
        "fecha_salida": "2026-06-07",
        "estado": "C",
        "creada_en": "2025-12-10T19:10:40.648"
    }
},
{
    "model": "hotel.reserva",
    "pk": 9,
    "fields": {
        "huesped": 8,
        "habitacion": 31,
        "fecha_entrada": "2026-09-13",
        "fecha_salida": "2026-09-19",
        "estado": "P",
        "creada_en": "2025-12-10T19:10:40.649"
    }
},
{
    "model": "hotel.reserva",
    "pk": 10,
    "fields": {
        "huesped": 8,
        "habitacion": 1,
        "fecha_entrada": "2026-06-08",
        "fecha_salida": "2026-06-10",
        "estado": "C",
        "creada_en": "2025-12-10T19:10:40.649"
    }
},
{
    "model": "hotel.reserva",
    "pk": 11,
    "fields": {
        "huesped": 8,
        "habitacion": 21,
        "fecha_entrada": "2026-03-09",
        "fecha_salida": "2026-03-11",
        "estado": "C",
        "creada_en": "2025-12-10T19:10:40.650"
    }
},
{
    "model": "hotel.reserva",
    "pk": 12,
    "fields": {
        "huesped": 9,
        "habitacion": 41,
        "fecha_entrada": "2025-05-24",
        "fecha_salida": "2025-05-28",
        "estado": "C",
        "creada_en": "2025-12-10T19:10:40.651"
    }
},
{
    "model": "hotel.reserva",
    "pk": 13,
    "fields": {
        "huesped": 9,
        "habitacion": 31,
        "fecha_entrada": "2025-04-07",
        "fecha_salida": "2025-04-09",
        "estado": "P",
        "creada_en": "2025-12-10T19:10:40.652"
    }
},
{
    "model": "hotel.reserva",
    "pk": 14,
    "fields": {
        "huesped": 10,
        "habitacion": 1,
        "fecha_entrada": "2026-11-02",
        "fecha_salida": "2026-11-08",
        "estado": "P",
        "creada_en": "2025-12-10T19:10:40.652"
    }
},
{
    "model": "hotel.reserva",
    "pk": 15,
    "fields": {
        "huesped": 10,
        "habitacion": 21,
        "fecha_entrada": "2026-10-11",
        "fecha_salida": "2026-10-13",
        "estado": "C",
        "creada_en": "2025-12-10T19:10:40.653"
    }
},
{
    "model": "hotel.reserva",
    "pk": 16,
    "fields": {
        "huesped": 11,
        "habitacion": 1,
        "fecha_entrada": "2025-11-05",
        "fecha_salida": "2025-11-09",
        "estado": "F",
        "creada_en": "2025-12-10T19:10:40.654"
    }
},
{
    "model": "hotel.factura",
    "pk": 1,
    "fields": {
        "reserva": 1,
        "emitida_en": "2025-12-10T19:10:40.643",
        "numero_factura": "afb8270c-e6ae-427a-8823-e7544d2dcc51",
        "monto_total": "275.00",
        "pagada": true,
        "notas": ""
    }
},
{
    "model": "hotel.factura",
    "pk": 2,
    "fields": {
        "reserva": 2,
        "emitida_en": "2025-12-10T19:10:40.644",
        "numero_factura": "7e0b6488-9867-49a7-9536-b9001b2f894d",
        "monto_total": "574.00",
        "pagada": false,
        "notas": ""
    }
},
{
    "model": "hotel.factura",
    "pk": 3,
    "fields": {
        "reserva": 3,
        "emitida_en": "2025-12-10T19:10:40.645",
        "numero_factura": "018833fa-4add-4276-b590-7f10f4f13498",
        "monto_total": "473.00",
        "pagada": false,
        "notas": ""
    }
},
{
    "model": "hotel.factura",
    "pk": 4,
    "fields": {
        "reserva": 5,
        "emitida_en": "2025-12-10T19:10:40.646",
        "numero_factura": "ba5f2215-80a1-48eb-ae4d-8e60c9059a55",
        "monto_total": "361.00",
        "pagada": false,
        "notas": ""
    }
},
{
    "model": "hotel.factura",
    "pk": 5,
    "fields": {
        "reserva": 7,
        "emitida_en": "2025-12-10T19:10:40.647",
        "numero_factura": "34f61056-b1c3-4de6-8657-99b49818949a",
        "monto_total": "660.00",
        "pagada": true,
        "notas": ""
    }
},
{
    "model": "hotel.factura",
    "pk": 6,
    "fields": {
        "reserva": 8,
        "emitida_en": "2025-12-10T19:10:40.648",
        "numero_factura": "f5dbf5bf-4b27-4fa5-83bc-a94771e12f6d",
        "monto_total": "612.00",
        "pagada": true,
        "notas": ""
    }
},
{
    "model": "hotel.factura",
    "pk": 7,
    "fields": {
        "reserva": 10,
        "emitida_en": "2025-12-10T19:10:40.650",
        "numero_factura": "fc5d96e4-9d16-44b6-9078-deb84c6bfa02",
        "monto_total": "283.00",
        "pagada": true,
        "notas": ""
    }
},
{
    "model": "hotel.factura",
    "pk": 8,
    "fields": {
        "reserva": 11,
        "emitida_en": "2025-12-10T19:10:40.650",
        "numero_factura": "f91a8dce-c95e-4ff3-b502-d49e46ec5b85",
        "monto_total": "764.00",
        "pagada": true,
        "notas": ""
    }
},
{
    "model": "hotel.factura",
    "pk": 9,
    "fields": {
        "reserva": 12,
        "emitida_en": "2025-12-10T19:10:40.651",
        "numero_factura": "10218baf-db70-4d7c-bf8c-d09343bb7d0f",
        "monto_total": "316.00",
        "pagada": true,
        "notas": ""
    }
},
{
    "model": "hotel.factura",
    "pk": 10,
    "fields": {
        "reserva": 15,
        "emitida_en": "2025-12-10T19:10:40.653",
        "numero_factura": "7f6ca974-7ca4-4292-b088-8dec97852bda",
        "monto_total": "936.00",
        "pagada": false,
        "notas": ""
    }
},
{
    "model": "hotel.factura",
    "pk": 11,
    "fields": {
        "reserva": 16,
        "emitida_en": "2025-12-10T19:10:40.654",
        "numero_factura": "9c9fd53e-948d-41e7-aa9c-eb1606c83eb9",
        "monto_total": "562.00",
        "pagada": false,
        "notas": ""
    }
}
]
