[{"model": "hotel.hotel", "pk": 1, "fields": {"nombre": "Camera various poor argue affect young. Of event family live arrive have.", "descripcion": "Citizen against bring rest party manager decision. Identify know word middle discuss image big.\nTraining conference couple forward. Market PM will. Price teach number.", "direccion": "Nice place record. Almost various number pressure garden less organization mother.\nNote this piece accept until. Need save particularly alone head.\nCompany unit we particular cell important.", "fecha_fundacion": "2014-01-06", "calificacion": "0.53", "num_habitaciones": 1, "tiene_restaurante": false, "correo_contacto": null, "sitio_web": null, "hora_apertura": null, "servicios": []}}, {"model": "hotel.hotel", "pk": 2, "fields": {"nombre": "Instead story how involve bit onto. Discussion our suddenly product guess recognize. Raise you although late father. Moment be meeting.", "descripcion": "About word stuff short spend life. Draw purpose several police tonight sister theory. Society yard school defense station week thus.", "direccion": "Job rest everyone. Concern fly economy night away ground. Attention million Congress threat.\nIdentify almost security Republican just various. Should camera between now discussion call.", "fecha_fundacion": "1991-12-17", "calificacion": "0.65", "num_habitaciones": 1, "tiene_restaurante": false, "correo_contacto": null, "sitio_web": null, "hora_apertura": null, "servicios": []}}, {"model": "hotel.hotel", "pk": 3, "fields": {"nombre": "Prevent school before return letter. Debate will west would your word political record.\nDinner because represent total. Art it blue.", "descripcion": "Wait dinner indicate play never board. Whatever attorney might cup us.\nAttorney good raise yourself. Rest red think think. Likely high network.\nAir mother clearly money figure sense.", "direccion": "Ten head television turn song prepare while doctor. Civil particularly interesting decade. Election by life situation space leave card partner.", "fecha_fundacion": "2016-10-23", "calificacion": "0.95", "num_habitaciones": 1, "tiene_restaurante": false, "correo_contacto": null, "sitio_web": null, "hora_apertura": null, "servicios": []}}, {"model": "hotel.hotel", "pk": 4, "fields": {"nombre": "Meet truth back company sound.\nDesign huge allow local. Result behind subject. Amount activity soldier add trade.\nHard term cultural.", "descripcion": "Soldier adult sometimes open state. Sound stop avoid tax summer former. Very opportunity company toward check. Until star peace any there yes.", "direccion": "Appear letter whole local attention air spring. No measure yes man.\nService artist yes peace during recent. Detail television nothing work avoid watch owner.", "fecha_fundacion": "1998-05-17", "calificacion": "0.01", "num_habitaciones": 1, "tiene_restaurante": false, "correo_contacto": null, "sitio_web": null, "hora_apertura": null, "servicios": []}}, {"model": "hotel.hotel", "pk": 5, "fields": {"nombre": "Whatever few with writer happen. And north offer season. Whatever artist least job student decade. Need try reach huge water.", "descripcion": "Attention customer indeed yet career me since. Which newspaper protect affect.\nChurch grow cold exactly. Discussion around chance move voice care store.", "direccion": "Magazine baby finally edge speak. Others policy conference six old upon only.\nLive scientist expert any former produce white. Act thus performance market value back.", "fecha_fundacion": "1982-01-20", "calificacion": "0.86", "num_habitaciones": 1, "tiene_restaurante": false, "correo_contacto": null, "sitio_web": null, "hora_apertura": null, "servicios": []}}, {"model": "hotel.hotel", "pk": 6, "fields": {"nombre": "Senior hour sort parent. Easy beat professional present eight rock.", "descripcion": "Name among peace into tree never. Start especially my wait put. Structure think design education century main.\nUntil chance personal. Theory all culture himself law world store.", "direccion": "Will stop team during manage. Hand parent difficult bring. Cost hour light material including.\nSurface space whom.\nMind five class should left wonder. Staff positive grow use. Issue it old second no.", "fecha_fundacion": "2015-09-08", "calificacion": "0.56", "num_habitaciones": 1, "tiene_restaurante": false, "correo_contacto": null, "sitio_web": null, "hora_apertura": null, "servicios": []}}, {"model": "hotel.hotel", "pk": 7, "fields": {"nombre": "Three make should. Play sing science message.", "descripcion": "Company partner great state. Speak human authority agency old building.\nWord write group director weight drug. Pretty paper low ground daughter what. Follow majority bank.", "direccion": "Season knowledge method for. Pull bit car although people. Concern turn still office.\nDetail force gas arrive themselves receive one. Quickly skin share animal event.", "fecha_fundacion": "1999-11-02", "calificacion": "0.73", "num_habitaciones": 1, "tiene_restaurante": false, "correo_contacto": null, "sitio_web": null, "hora_apertura": null, "servicios": []}}, {"model": "hotel.hotel", "pk": 8, "fields": {"nombre": "Rock to arrive. Resource travel pull. Almost yourself during high score sea poor.", "descripcion": "Of turn station few song treat could. Old create can factor. Security job brother.\nHalf child we summer thus. Approach son too term.", "direccion": "Player hold later. Allow suddenly artist statement least spend miss. Write class bill catch. Want air far I relate.", "fecha_fundacion": "2018-01-05", "calificacion": "0.07", "num_habitaciones": 1, "tiene_restaurante": false, "correo_contacto": null, "sitio_web": null, "hora_apertura": null, "servicios": []}}, {"model": "hotel.hotel", "pk": 9, "fields": {"nombre": "Live daughter hospital movie can. Particularly whose laugh win official contain. Traditional gun describe leader.", "descripcion": "Point foot meeting. International however while.\nWho drug situation involve director. Build add smile type customer. Car do represent head box toward hospital.", "direccion": "Lead oil wonder better others. Soon view small easy might.\nWin know necessary under its. Town together writer move.\nNecessary article activity goal fear. Conference no late student history somebody.", "fecha_fundacion": "2019-01-31", "calificacion": "0.09", "num_habitaciones": 1, "tiene_restaurante": false, "correo_contacto": null, "sitio_web": null, "hora_apertura": null, "servicios": []}}, {"model": "hotel.hotel", "pk": 10, "fields": {"nombre": "About inside unit local himself. Summer dog TV.\nRecognize defense benefit range hard box only. Me impact eye improve star find.", "descripcion": "Respond mind enter. Professional morning expert never effort person red.\nRequire section mean. Think local option public. Expect market cover free.", "direccion": "Picture fire individual person network believe result. Owner relate picture thousand enjoy kind company.", "fecha_fundacion": "1999-09-07", "calificacion": "0.62", "num_habitaciones": 1, "tiene_restaurante": false, "correo_contacto": null, "sitio_web": null, "hora_apertura": null, "servicios": []}}, {"model": "hotel.contactohotel", "pk": 1, "fields": {"nombre_contacto": "Thousand meeting sister control. Who kind recent popular plant.", "telefono": "Most friend heart.", "correo": "kevinjenkins@example.com", "sitio_web": "http://taylor-hill.biz/category/postsprivacy.php", "hotel": 7}}, {"model": "hotel.contactohotel", "pk": 2, "fields": {"nombre_contacto": "Mrs glass onto sometimes feel cover career. Stay research animal cost read.", "telefono": "Them smile charge.", "correo": "wrightnicholas@example.net", "sitio_web": "http://powell.org/list/main/searchindex.html", "hotel": 6}}, {"model": "hotel.contactohotel", "pk": 3, "fields": {"nombre_contacto": "Once ever everybody care at. Out soon board now firm computer through. Magazine start sell case.", "telefono": "Create sea view.", "correo": "kneal@example.com", "sitio_web": "http://www.davis.com/tagsauthor.php", "hotel": 1}}, {"model": "hotel.contactohotel", "pk": 4, "fields": {"nombre_contacto": "Nation officer north only shoulder help. Their smile team beyond include military base.", "telefono": "Hotel less north.", "correo": "edward88@example.org", "sitio_web": "http://www.gonzalez.org/categorieshome.asp", "hotel": 4}}, {"model": "hotel.contactohotel", "pk": 5, "fields": {"nombre_contacto": "Everyone detail word imagine science free power. Job rate wind stock rock yet seat.", "telefono": "The end fear beyond.", "correo": "michellecaldwell@example.org", "sitio_web": "http://www.barton-collins.info/blog/mainpost.htm", "hotel": 8}}, {"model": "hotel.contactohotel", "pk": 6, "fields": {"nombre_contacto": "Region operation standard benefit. Team get conference.", "telefono": "Free cover nor.", "correo": "dgentry@example.net", "sitio_web": "https://beard.net/wp-content/explorepost.php", "hotel": 2}}, {"model": "hotel.contactohotel", "pk": 7, "fields": {"nombre_contacto": "Industry nice sound common area. Together meet either edge family deal. Language level federal us.", "telefono": "Grow question space.", "correo": "richardthompson@example.net", "sitio_web": "https://www.booth.info/posts/wp-contentpost.jsp", "hotel": 10}}, {"model": "hotel.contactohotel", "pk": 8, "fields": {"nombre_contacto": "Unit meeting will two. Difference operation sister. Design travel expert religious.", "telefono": "Prove every network.", "correo": "bakerkelly@example.com", "sitio_web": "https://www.woods.com/categories/app/wp-contentsearch.php", "hotel": 5}}, {"model": "hotel.contactohotel", "pk": 9, "fields": {"nombre_contacto": "Federal believe after. Price nearly technology. Fly last let boy behavior out.", "telefono": "Teacher now sure.", "correo": "reidvictoria@example.com", "sitio_web": "https://www.valdez-hampton.biz/listlogin.jsp", "hotel": 9}}, {"model": "hotel.contactohotel", "pk": 10, "fields": {"nombre_contacto": "Tend among fight. Painting big fast fly. Item occur view quality this.", "telefono": "By central.", "correo": "andrewstamara@example.com", "sitio_web": "http://osborn.com/posts/categoriesauthor.php", "hotel": 3}}, {"model": "hotel.tipohabitacion", "pk": 1, "fields": {"nombre": "Everyone early start imagine ready vote. Seat industry money which eye action how.", "descripcion": "System stage away quality want learn. Offer between issue usually feel page government husband. Player manage year explain player expect body box. Seven beautiful during position.", "capacidad": 18559, "precio_base": "0.21"}}, {"model": "hotel.tipohabitacion", "pk": 2, "fields": {"nombre": "Want member work phone. Find bit deal mission behavior federal already.", "descripcion": "Theory interest around main certain. Kid mouth campaign current option miss end.", "capacidad": -435, "precio_base": "0.91"}}, {"model": "hotel.tipohabitacion", "pk": 3, "fields": {"nombre": "He rule offer whether rock. Year toward idea eat. Any develop west leg another.", "descripcion": "Environmental somebody low agency activity moment. Standard her continue affect although. Short radio compare.", "capacidad": -17343, "precio_base": "0.61"}}, {"model": "hotel.tipohabitacion", "pk": 4, "fields": {"nombre": "Very child night course part part. End get card.", "descripcion": "Order of letter look raise everyone special. Board onto if social.\nAdmit image lay few. Painting though research everything. Resource watch lose.", "capacidad": 21524, "precio_base": "0.52"}}, {"model": "hotel.tipohabitacion", "pk": 5, "fields": {"nombre": "Personal four too else. Skill science loss world past draw easy drop.", "descripcion": "Lot worker rate television strong law from.\nGovernment sister soldier close improve town. Despite research tend pick either president take upon.", "capacidad": -1504, "precio_base": "0.96"}}, {"model": "hotel.tipohabitacion", "pk": 6, "fields": {"nombre": "Decade process style present. Against someone discussion.", "descripcion": "Just blue Mr clear detail physical Mr. Under never positive decide find.", "capacidad": -22133, "precio_base": "0.98"}}, {"model": "hotel.tipohabitacion", "pk": 7, "fields": {"nombre": "Partner ask suffer enough meeting. Rock nor east card continue best call.", "descripcion": "Himself number structure figure decision ahead rock. Kid enough lay fact light land six language. Down somebody concern week reach raise PM.\nWatch what win. Yard before in myself young.", "capacidad": -9157, "precio_base": "0.72"}}, {"model": "hotel.tipohabitacion", "pk": 8, "fields": {"nombre": "Up pattern author thing know be evening. Partner cover moment study down eye head still.", "descripcion": "Weight family off trade.\nOn research present big sport control task play. Determine issue exist recently. Lose quickly land rather general choice argue.", "capacidad": 5173, "precio_base": "0.29"}}, {"model": "hotel.tipohabitacion", "pk": 9, "fields": {"nombre": "Hotel democratic base wait art like loss. Rate age hit get story.\nSuch TV allow simple.", "descripcion": "Team travel mission it. Billion want someone claim either clearly church.\nMonth manager nothing subject it reflect. Effect step dog why choose.", "capacidad": -26627, "precio_base": "0.41"}}, {"model": "hotel.tipohabitacion", "pk": 10, "fields": {"nombre": "Off herself large machine whole hit. Herself finish method. Edge hear bit whether or stay employee.", "descripcion": "Poor measure sea fly maybe hard. Unit sport play prove score rock measure. Civil step record player these fund girl support.", "capacidad": 14285, "precio_base": "0.10"}}, {"model": "hotel.habitacion", "pk": 1, "fields": {"numero": "Loss.", "piso": -21015, "tipo": 1, "hotel": 3, "disponible": true, "imagen_url": "http://sanders-terry.org/categories/apphome.html", "servicios": [4, 6]}}, {"model": "hotel.habitacion", "pk": 2, "fields": {"numero": "Must.", "piso": -1739, "tipo": 2, "hotel": 6, "disponible": true, "imagen_url": "http://schmidt-davis.info/tags/tagssearch.php", "servicios": [8, 9, 10]}}, {"model": "hotel.habitacion", "pk": 3, "fields": {"numero": "Family.", "piso": -14971, "tipo": 4, "hotel": 2, "disponible": true, "imagen_url": "http://hernandez.com/list/category/appabout.html", "servicios": [5]}}, {"model": "hotel.habitacion", "pk": 4, "fields": {"numero": "Sing.", "piso": -21473, "tipo": 10, "hotel": 3, "disponible": true, "imagen_url": "https://may-murphy.info/explore/postshomepage.html", "servicios": [7, 9]}}, {"model": "hotel.habitacion", "pk": 5, "fields": {"numero": "Art.", "piso": -10899, "tipo": 2, "hotel": 6, "disponible": true, "imagen_url": "http://www.gallagher.com/posts/categoryfaq.html", "servicios": [3, 9, 10]}}, {"model": "hotel.habitacion", "pk": 6, "fields": {"numero": "Stage dog.", "piso": -9630, "tipo": 4, "hotel": 1, "disponible": true, "imagen_url": "http://grant-dunn.net/postsindex.php", "servicios": [2, 5, 8]}}, {"model": "hotel.habitacion", "pk": 7, "fields": {"numero": "By relate.", "piso": 25327, "tipo": 10, "hotel": 2, "disponible": true, "imagen_url": "https://www.tate-todd.com/postsprivacy.jsp", "servicios": [1, 3]}}, {"model": "hotel.habitacion", "pk": 8, "fields": {"numero": "Year call.", "piso": -6573, "tipo": 2, "hotel": 8, "disponible": true, "imagen_url": "https://www.sparks-rodriguez.com/main/tags/wp-contentlogin.htm", "servicios": [2, 3, 5]}}, {"model": "hotel.habitacion", "pk": 9, "fields": {"numero": "Develop.", "piso": 26077, "tipo": 3, "hotel": 10, "disponible": true, "imagen_url": "http://www.gomez.info/search/category/postscategory.htm", "servicios": [5]}}, {"model": "hotel.habitacion", "pk": 10, "fields": {"numero": "Hear high.", "piso": -9744, "tipo": 6, "hotel": 8, "disponible": true, "imagen_url": "http://miller.info/main/tagshomepage.asp", "servicios": [6, 7]}}, {"model": "hotel.huesped", "pk": 1, "fields": {"nombre": "Along former draw site. Cup along their real number example option.", "apellido": "Quality end operation Congress truth point clearly young.", "correo": "lisa39@example.com", "telefono": "Ball artist.", "fecha_nacimiento": "2011-06-22"}}, {"model": "hotel.huesped", "pk": 2, "fields": {"nombre": "Rise share before population event pattern open fire.", "apellido": "Music civil true read appear radio style. Get total soon name about.", "correo": "michaelhernandez@example.com", "telefono": "Chance section.", "fecha_nacimiento": "1998-06-12"}}, {"model": "hotel.huesped", "pk": 3, "fields": {"nombre": "Cover finally chair no. Line mother player not tonight book.", "apellido": "Impact best pattern toward hotel at performance. Wind cut day term.", "correo": "rscott@example.org", "telefono": "Rather trouble both.", "fecha_nacimiento": "1981-11-05"}}, {"model": "hotel.huesped", "pk": 4, "fields": {"nombre": "Three conference large effect instead unit tonight.", "apellido": "Themselves wide result market. Tell pressure toward south toward item consider.", "correo": "shannon25@example.net", "telefono": "Decade nation.", "fecha_nacimiento": "1999-02-03"}}, {"model": "hotel.huesped", "pk": 5, "fields": {"nombre": "Drive TV you question claim safe those each.", "apellido": "Hear yourself plant industry whatever discuss we property.", "correo": "mercadomiguel@example.com", "telefono": "Daughter up power.", "fecha_nacimiento": "1989-10-13"}}, {"model": "hotel.huesped", "pk": 6, "fields": {"nombre": "Call I water draw him prevent. Side assume catch lead hot weight.", "apellido": "Sit clear church away cover list foreign. Or nice agency law.", "correo": "cookchristopher@example.com", "telefono": "Break into minute.", "fecha_nacimiento": "2013-04-17"}}, {"model": "hotel.huesped", "pk": 7, "fields": {"nombre": "Even main investment thing suffer.", "apellido": "Magazine successful serve than quickly.", "correo": "jamessolomon@example.com", "telefono": "Image ten feeling.", "fecha_nacimiento": "1986-07-08"}}, {"model": "hotel.huesped", "pk": 8, "fields": {"nombre": "Outside modern work station recognize factor actually whose.", "apellido": "In yeah trouble prove week little site develop.", "correo": "kespinoza@example.com", "telefono": "Appear again street.", "fecha_nacimiento": "1993-10-25"}}, {"model": "hotel.huesped", "pk": 9, "fields": {"nombre": "Remain home east mouth off customer.", "apellido": "Four care various camera include institution.", "correo": "dguerrero@example.com", "telefono": "Wife prevent.", "fecha_nacimiento": "2022-08-12"}}, {"model": "hotel.huesped", "pk": 10, "fields": {"nombre": "Fine accept western bring relate knowledge culture. Or case think.", "apellido": "Remember realize mission back least pretty involve.", "correo": "nwagner@example.net", "telefono": "Determine site make.", "fecha_nacimiento": "1979-12-24"}}, {"model": "hotel.perfilhuesped", "pk": 1, "fields": {"huesped": 2, "nacionalidad": "Mention help ten company not.", "numero_pasaporte": "Student month he significant.", "puntos_fidelidad": -6535, "preferencias": "Such rule produce my teacher author. Memory discuss instead yard behavior term rule.\nCapital way attorney manage. Last grow model next field letter. Vote might feel order. Public top age even street."}}, {"model": "hotel.perfilhuesped", "pk": 2, "fields": {"huesped": 10, "nacionalidad": "Mention smile near south despite.", "numero_pasaporte": "Fall give event relationship.", "puntos_fidelidad": -8959, "preferencias": "Rock animal recognize away outside country herself. Customer so nice identify. Material walk either care nothing.\nBox may case food. Letter center firm least yard enjoy. Class day none."}}, {"model": "hotel.perfilhuesped", "pk": 3, "fields": {"huesped": 8, "nacionalidad": "South response read piece institution.", "numero_pasaporte": "Bad water continue consumer.", "puntos_fidelidad": 17258, "preferencias": "Far involve month hard image.\nInto country wear option.\nEye eight agreement final. Phone effect daughter radio outside. Well successful magazine shoulder agreement rich."}}, {"model": "hotel.perfilhuesped", "pk": 4, "fields": {"huesped": 6, "nacionalidad": "Success address inside deal.", "numero_pasaporte": "Sell card ten score.", "puntos_fidelidad": 25878, "preferencias": "Some daughter rich often similar. Deep leg full lawyer.\nOld close total power let. Wonder learn career certain."}}, {"model": "hotel.perfilhuesped", "pk": 5, "fields": {"huesped": 1, "nacionalidad": "Response case process its.", "numero_pasaporte": "Myself beat perform.", "puntos_fidelidad": 11413, "preferencias": "By here difference again agent vote. Statement let along. So cause amount green politics network.\nBlood wait somebody remain along degree voice."}}, {"model": "hotel.perfilhuesped", "pk": 6, "fields": {"huesped": 7, "nacionalidad": "Economic day share poor theory plan loss.", "numero_pasaporte": "Bring catch watch risk PM.", "puntos_fidelidad": -8693, "preferencias": "This respond range evidence his political.\nReligious likely increase maintain myself. Language natural weight business necessary study."}}, {"model": "hotel.perfilhuesped", "pk": 7, "fields": {"huesped": 3, "nacionalidad": "Boy office try member nature bad certainly.", "numero_pasaporte": "Same what firm hear each.", "puntos_fidelidad": 32628, "preferencias": "Perhaps professor notice. West believe administration you small process debate nearly. Black begin marriage civil make voice allow rather."}}, {"model": "hotel.perfilhuesped", "pk": 8, "fields": {"huesped": 4, "nacionalidad": "Key range concern nor.", "numero_pasaporte": "Involve season goal nothing.", "puntos_fidelidad": 26135, "preferencias": "Lead him third kid. Own pressure fast level leg cultural pattern such."}}, {"model": "hotel.perfilhuesped", "pk": 9, "fields": {"huesped": 9, "nacionalidad": "View way bag senior director seat major.", "numero_pasaporte": "Born age in water.", "puntos_fidelidad": 15924, "preferencias": "Mouth miss spring focus cause cultural author. Edge despite home week space.\nHand ball fight another. Nation president use north picture about."}}, {"model": "hotel.perfilhuesped", "pk": 10, "fields": {"huesped": 5, "nacionalidad": "Structure blood family baby.", "numero_pasaporte": "Hard source smile.", "puntos_fidelidad": -14999, "preferencias": "Actually likely sea son I exist.\nGoal run positive green firm. Leader relate form drug notice gas early. In around building see by."}}, {"model": "hotel.servicio", "pk": 1, "fields": {"nombre": "Growth of study soon voice mean speech. Sometimes open main first thank wonder often.", "descripcion": "Arm city effort election level treat. Able it others color up particular gas. Away certainly live service people follow reveal.\nThird huge indeed dinner show pay kind. Radio such free central.", "precio": "0.37", "es_opcional": true, "duracion_minutos": -31204}}, {"model": "hotel.servicio", "pk": 2, "fields": {"nombre": "Speech father expert street similar understand herself. Recognize floor raise attack.", "descripcion": "Our step level indicate focus everybody her born. Six in fly technology which management.\nControl government return light middle.", "precio": "0.47", "es_opcional": true, "duracion_minutos": 15653}}, {"model": "hotel.servicio", "pk": 3, "fields": {"nombre": "Blue method Democrat table economy huge determine. Popular claim watch myself effort.", "descripcion": "Class still realize staff day into. Worry executive project should girl kid forward. American free race professor serious.", "precio": "0.32", "es_opcional": true, "duracion_minutos": -32300}}, {"model": "hotel.servicio", "pk": 4, "fields": {"nombre": "Part tonight power subject step. Fish book one day.", "descripcion": "Leg toward down western show point. Camera central according news how that. What third contain baby its under. Minute clear whole wall increase.", "precio": "0.58", "es_opcional": true, "duracion_minutos": 14085}}, {"model": "hotel.servicio", "pk": 5, "fields": {"nombre": "Later glass concern level decision. Feeling stop fear first.", "descripcion": "Statement boy always season skin. Best their effort bag.\nAvoid career thank plant while away better through. Present few trouble treat us suffer. Large place operation consumer foreign space part.", "precio": "0.05", "es_opcional": true, "duracion_minutos": -16150}}, {"model": "hotel.servicio", "pk": 6, "fields": {"nombre": "According to price factor purpose plan. Admit structure range not. Eight ten sister down.", "descripcion": "Every name modern fly nothing. Off deep nation body.\nMyself tough drive nor. Need safe successful relate medical.\nRead position arm class group decide. Might nearly very television.", "precio": "0.83", "es_opcional": true, "duracion_minutos": 17472}}, {"model": "hotel.servicio", "pk": 7, "fields": {"nombre": "True number order wait. Skill lose perhaps outside.", "descripcion": "Statement allow various near tend stand wrong. Authority might hit art. Movie ability series themselves before.", "precio": "0.35", "es_opcional": true, "duracion_minutos": -21584}}, {"model": "hotel.servicio", "pk": 8, "fields": {"nombre": "Deep save rule fine only. Now capital school long stage go. Book read smile north brother.", "descripcion": "Test boy fall chance center next be. Set meeting possible might sure. Different spring serious. Total impact opportunity bar control forget.", "precio": "0.58", "es_opcional": true, "duracion_minutos": -8245}}, {"model": "hotel.servicio", "pk": 9, "fields": {"nombre": "Relationship professional large. By whatever summer respond level lay central.", "descripcion": "Whose sister show start. Imagine recognize get part suddenly technology walk. Republican protect with film top.", "precio": "0.90", "es_opcional": true, "duracion_minutos": -15764}}, {"model": "hotel.servicio", "pk": 10, "fields": {"nombre": "Hair small likely with. Organization our somebody.\nRegion later part add scene they.", "descripcion": "Own century specific Congress. Include wall sort level her sing our alone.\nMessage heart suddenly film soon. Some season she produce not carry few.", "precio": "0.86", "es_opcional": true, "duracion_minutos": 13140}}]